#,Name,Total,Lowest Stat,HP,Highest Attack,Highest Defense,Lowest Defense,Speed,Stat Standard Dev,MinMaxDiff,Tier
384,Mega Rayquaza,780,100,105,180,100,100,115,41.53311931,80,Ubers
94,Mega Gengar,600,65,60,170,95,80,130,42.21966367,105,Ubers
115,Mega Kangaskhan,590,60,105,125,100,100,100,23.34523506,65,Ubers
150,Mewtwo,680,90,106,154,90,90,130,27.48090246,64,Ubers
150,Mega Mewtwo X,780,100,106,190,100,100,130,38.27793098,90,Ubers
150,Mega Mewtwo Y,780,70,106,194,120,70,140,45.22388749,124,Ubers
249,Lugia,680,90,106,90,154,130,110,27.48090246,64,Ubers
250,Ho-oh,680,90,106,130,154,90,90,27.48090246,64,Ubers
257,Blaziken,530,70,80,120,70,70,80,23.4520788,50,Ubers
257,Mega Blaziken,630,80,80,160,80,80,100,34.64101615,80,Ubers
302,Mega Sableye,480,20,50,85,125,115,20,40.98780306,105,Ubers
303,Mega Mawile,480,50,50,105,125,95,50,32.48076354,75,Ubers
373,Mega Salamence,700,90,95,145,130,90,120,20.1246118,55,Ubers
382,Kyogre,670,90,100,150,140,90,90,28.80972058,60,Ubers
383,Groudon,670,90,100,150,140,90,90,28.80972058,60,Ubers
384,Rayquaza,680,90,105,150,90,90,95,32.01562119,60,Ubers
448,Mega Lucario,625,70,70,145,88,70,112,32.43454948,75,Ubers
483,Dialga,680,90,100,150,120,100,90,23.02172887,60,Ubers
484,Palkia,680,100,90,150,120,100,100,20.49390153,50,Ubers
491,Darkrai,600,90,70,135,90,90,125,22.19234102,45,Ubers
643,Reshiram,680,90,100,150,120,100,90,23.02172887,60,Ubers
644,Zekrom,680,90,100,150,120,100,90,23.02172887,60,Ubers
649,Genesect,600,95,71,120,95,95,99,13.06522101,25,Ubers
658,Greninja,530,67,72,103,71,67,122,22.88667735,55,Ubers
716,Xerneas,680,95,126,131,98,95,99,18.4986486,36,Ubers
717,Yveltal,680,95,126,131,98,95,99,18.4986486,36,Ubers
681,Aegislash,520,50,60,150,50,50,60,53.10367219,100,Ubers
386,Deoxys-A,600,20,50,180,20,20,150,83.06623863,160,Ubers
386,Deoxys,600,50,50,150,50,50,150,54.77225575,100,Ubers
386,Deoxys-S,600,90,50,95,90,90,180,39.21096785,90,Ubers
386,Deoxys-D,600,70,50,70,160,160,90,46.36809248,90,Ubers
487,Giratina,680,90,150,100,120,120,90,13.41640786,30,Ubers
487,Giratina-O,680,90,150,120,100,100,90,13.41640786,30,Ubers
646,Kyurem-W,700,90,125,170,100,90,95,32.78719262,80,Ubers
493,Arceus,720,120,120,120,120,120,120,0,0,Ubers
383,Primal Groudon,770,90,100,180,160,90,90,41.59326869,90,Ubers
382,Primal Kyogre,770,90,100,180,160,90,90,41.59326869,90,Ubers
720,Hoopa-U,680,60,80,170,130,60,80,48.47679857,110,Ubers
645,Landorus,600,80,89,125,90,80,101,18.21263298,45,Ubers
492,Shaymin-S,600,75,100,120,75,75,127,24.43358345,52,Ubers
3,Mega Venusaur,625,80,80,122,123,120,80,18.76166304,43,OU
6,Mega Charizard X,634,85,78,130,111,85,100,19.48589233,45,OU
6,Mega Charizard Y,634,78,78,159,115,78,100,29.91153624,81,OU
36,Clefable,483,60,95,95,90,73,60,14.5361618,35,OU
51,Dugtrio,405,50,35,80,70,50,120,28.80972058,70,OU
80,Slowbro,490,30,95,100,110,80,30,30.90307428,80,OU
80,Mega Slowbro,590,30,95,130,180,80,30,57.48912941,150,OU
94,Gengar,500,60,60,130,75,60,110,30.53686297,70,OU
113,Chansey,450,5,250,35,105,5,50,41.23105626,100,OU
121,Starmie,520,75,60,100,85,85,115,15.65247584,40,OU
127,Mega Pinsir,600,65,65,155,120,90,105,33.65263734,90,OU
145,Zapdos,580,85,90,125,90,85,100,16.04680654,40,OU
149,Dragonite,600,80,91,134,100,95,80,19.7787765,54,OU
151,Mew,600,100,100,100,100,100,100,0,0,OU
184,Azumarill,420,50,100,60,80,80,50,15.16575089,30,OU
212,Scizor,500,55,70,130,100,80,65,29.87473849,75,OU
212,Mega Scizor,600,65,70,150,140,100,75,37.98025803,85,OU
214,Mega Heracross,600,40,80,185,115,105,75,53.89805191,145,OU
227,Skarmory,465,40,65,80,140,70,70,36.74234614,100,OU
243,Raikou,580,75,90,115,100,75,115,17.88854382,40,OU
248,Tyranitar,600,61,100,134,110,100,61,26.46696054,73,OU
248,Mega Tyranitar,700,71,100,164,150,120,71,38.28184949,93,OU
282,Mega Gardevoir,618,65,68,165,135,65,100,40,100,OU
286,Breloom,460,60,60,130,80,60,70,29.15475947,70,OU
308,Mega Medicham,510,80,60,100,85,85,100,9.354143467,20,OU
310,Mega Manectric,575,75,70,135,80,80,135,31.10466203,60,OU
376,Mega Metagross,700,105,80,145,150,110,110,21.62174831,45,OU
380,Latias,600,80,80,110,130,90,110,19.49358869,50,OU
380,Mega Latias,700,100,80,140,150,120,110,20.73644135,50,OU
381,Latios,600,80,80,130,110,80,110,19.49358869,50,OU
381,Mega Latios,700,100,80,160,120,100,110,23.02172887,60,OU
385,Jirachi,600,100,100,100,100,100,100,0,0,OU
428,Mega Lopunny,580,54,65,136,96,94,135,34.07345007,82,OU
445,Garchomp,600,80,108,130,95,85,102,19.62906009,50,OU
445,Mega Garchomp,700,92,108,170,115,95,92,31.30974289,78,OU
450,Hippowdon,525,47,108,112,118,72,47,30.44339009,71,OU
461,Weavile,510,45,70,120,85,65,125,34.56877203,80,OU
462,Magnezone,535,60,70,130,115,90,60,29.49576241,70,OU
465,Tangrowth,535,50,100,110,125,50,50,34.92849839,75,OU
472,Gliscor,510,45,75,95,125,75,95,29.49576241,80,OU
482,Azelf,580,70,75,125,70,70,115,28.59195691,55,OU
485,Heatran,600,77,91,130,106,106,77,19.9047733,53,OU
490,Manaphy,600,100,100,100,100,100,100,0,0,OU
497,Serperior,528,75,75,75,95,95,113,16.0249805,38,OU
530,Excadrill,508,50,110,135,65,60,88,33.96027091,85,OU
591,Amoonguss,464,30,114,85,80,70,30,23.18404624,55,OU
598,Ferrothorn,489,20,74,94,131,116,20,45.61797891,111,OU
625,Bisharp,490,60,65,125,100,70,70,26.92582404,65,OU
663,Talonflame,499,69,78,81,71,69,126,23.80546156,57,OU
719,Mega Diancie,700,110,50,160,110,110,110,27.38612788,50,OU
721,Volcanion,600,70,80,130,120,90,70,24.08318916,60,OU
647,Keldeo,580,72,91,129,90,90,108,21.59166506,57,OU
646,Kyurem-B,700,90,125,170,100,90,95,32.78719262,80,OU
645,Landorus-T,600,80,89,145,90,80,91,25.52841554,65,OU
641,Tornadus-T,580,80,79,110,90,80,121,16.13071604,41,OU
479,Rotom-W,520,65,50,105,107,107,86,18.46618531,42,OU
642,Thundurus,580,70,79,125,80,70,111,23.82645588,55,OU
18,Mega Pidgeot,579,80,83,135,80,80,121,26.75256997,55,OU
65,Alakazam,500,45,55,135,95,45,120,40.52776826,90,OU
65,Mega Alakazam,590,50,55,175,95,65,150,53.92123886,125,OU
130,Mega Gyarados,640,70,95,155,130,109,81,34.86402157,85,OU
334,Mega Altaria,590,80,75,110,110,105,80,13.03840481,30,OU
373,Salamence,600,80,95,135,80,80,100,23.02172887,55,OU
398,Staraptor,485,50,85,120,70,60,100,29.15475947,70,OU
468,Togekiss,545,50,85,120,115,95,80,28.41654448,70,OU
475,Mega Gallade,618,65,68,165,115,95,110,36.40054945,100,OU
494,Victini,600,100,100,100,100,100,100,0,0,OU
545,Scolipede,485,55,60,100,89,69,112,23.05428377,57,OU
637,Volcarona,550,60,85,135,105,65,100,30.94349689,75,OU
639,Terrakion,580,72,91,129,90,90,108,21.59166506,57,OU
660,Diggersby,423,50,85,56,77,77,78,13.50185172,28,OU
701,Hawlucha,500,63,78,92,75,63,118,21.45460324,55,OU
642,Thundurus-T,580,70,79,145,80,70,101,28.94304752,75,OU
718,Zygarde,600,81,108,100,121,95,95,14.48447445,40,OU
9,Mega Blastoise,630,78,79,135,120,115,78,21.34713095,57,UU
15,Mega Beedrill,495,15,65,150,80,40,145,60.76594441,135,UU
31,Nidoqueen,505,75,90,92,87,85,76,7.314369419,17,UU
34,Nidoking,505,75,81,102,77,75,85,10.63954886,27,UU
59,Arcanine,555,80,90,110,80,80,95,13.03840481,30,UU
68,Machamp,505,55,90,130,85,80,55,28.85307609,75,UU
73,Tentacruel,515,65,80,80,120,65,100,22.8035085,55,UU
91,Cloyster,525,45,50,95,180,45,70,51.11262075,135,UU
130,Gyarados,540,60,95,125,100,79,81,24.6069096,65,UU
134,Vaporeon,525,60,130,110,95,60,65,22.19234102,50,UU
142,Mega Aerodactyl,615,70,80,135,95,85,150,34.02205167,80,UU
143,Snorlax,540,30,160,110,110,65,30,34.16869913,80,UU
160,Feraligatr,530,78,85,105,100,83,78,12.58967831,27,UU
169,Crobat,535,70,85,90,80,80,130,23.4520788,60,UU
181,Mega Ampharos,610,45,90,165,110,105,45,42.77849927,120,UU
196,Espeon,525,60,65,130,95,60,110,29.70690156,70,UU
197,Umbreon,525,60,95,65,130,110,65,31.89827582,70,UU
205,Forretress,465,40,75,90,140,60,40,38.98717738,100,UU
207,Gligar,430,35,65,75,105,65,85,25.88435821,70,UU
214,Heracross,500,40,80,125,95,75,85,30.90307428,85,UU
232,Donphan,500,50,90,120,120,60,50,34.92849839,70,UU
233,Porygon2,515,60,85,105,95,90,60,17.10263138,45,UU
242,Blissey,540,10,255,75,135,10,55,52.03364296,125,UU
244,Entei,580,75,115,115,85,75,100,15.24795068,40,UU
245,Suicune,580,75,100,90,115,115,85,18.16590212,40,UU
251,Celebi,600,100,100,100,100,100,100,0,0,UU
254,Mega Sceptile,630,75,70,145,85,75,145,32.71085447,70,UU
260,Swampert,535,60,100,110,90,90,60,17.88854382,50,UU
260,Mega Swampert,635,70,100,150,110,110,70,29.06888371,80,UU
282,Gardevoir,518,65,68,125,115,65,80,28.28427125,60,UU
306,Mega Aggron,630,50,70,140,230,80,50,74.63243263,180,UU
319,Mega Sharpedo,560,65,70,140,70,65,105,30.94349689,75,UU
342,Crawdaunt,468,55,63,120,85,55,55,27.24885319,65,UU
350,Milotic,540,60,95,100,125,79,81,24.6069096,65,UU
359,Mega Absol,565,60,65,150,60,60,115,39.21096785,90,UU
376,Metagross,600,70,80,135,130,90,70,27.70379035,65,UU
392,Infernape,534,71,76,104,71,71,108,18.87591057,37,UU
395,Empoleon,530,60,84,111,101,88,60,19.22758435,51,UU
407,Roserade,515,65,60,125,105,65,90,24.84954728,60,UU
448,Lucario,525,70,70,115,70,70,90,21.33072901,45,UU
454,Toxicroak,490,65,83,106,65,65,85,17.15517415,41,UU
473,Mamoswine,530,60,110,130,80,60,80,27.01851217,70,UU
474,Porygon-Z,535,70,85,135,75,70,90,26.2202212,65,UU
488,Cresselia,600,70,120,75,130,120,85,27.24885319,60,UU
534,Conkeldurr,505,45,105,140,95,65,45,38.40572874,95,UU
547,Whimsicott,480,67,60,77,85,75,116,19,49,UU
553,Krookodile,519,65,95,117,80,70,92,20.75331299,52,UU
579,Reuniclus,490,30,110,125,85,75,30,34.35112807,95,UU
596,Galvantula,472,60,70,97,60,60,108,21.68640127,48,UU
609,Chandelure,520,55,60,145,90,90,80,32.90136775,90,UU
612,Haxorus,540,60,76,147,90,70,97,33.75944312,87,UU
620,Mienshao,510,60,65,125,60,60,105,28.59195691,65,UU
630,Mandibuzz,510,55,110,65,105,95,80,20.61552813,50,UU
635,Hydreigon,600,90,92,125,90,90,98,14.50172404,35,UU
638,Cobalion,580,72,91,90,129,72,108,21.59166506,57,UU
652,Chesnaught,530,64,88,107,122,75,64,24.78507615,58,UU
671,Florges,552,65,78,112,154,68,75,38.07492613,89,UU
680,Doublade,448,35,59,110,150,49,35,49.9669891,115,UU
695,Heliolisk,481,52,62,109,94,52,109,28.34960317,57,UU
700,Sylveon,525,60,95,110,130,65,60,31.89827582,70,UU
706,Goodra,600,70,90,110,150,70,80,31.144823,80,UU
707,Klefki,470,75,57,80,91,87,75,6.348228099,16,UU
555,Darmanitan,480,30,105,140,55,55,95,43.15669125,110,UU
479,Rotom-H,520,65,50,105,107,107,86,18.46618531,42,UU
641,Tornadus,580,70,79,125,80,70,111,23.82645588,55,UU
49,Venomoth,450,60,70,90,75,60,90,13.87443693,30,UU
146,Moltres,580,85,90,125,90,85,90,16.04680654,40,UU
208,Mega Steelix,610,30,75,125,230,95,30,77.82994282,200,UU
213,Shuckle,505,5,20,10,230,230,5,121.4289916,225,UU
229,Mega Houndoom,600,90,75,140,90,90,115,22.36067977,50,UU
230,Kingdra,540,85,75,95,95,95,85,4.472135955,10,UU
302,Sableye,380,50,50,75,75,65,50,10.24695077,25,UU
319,Sharpedo,460,40,70,120,40,40,95,36.15936946,80,UU
430,Honchkrow,505,52,100,125,52,52,71,32.76430985,73,UU
460,Mega Abomasnow,594,30,90,132,105,105,30,41.81746047,102,UU
469,Yanmega,515,56,86,116,86,56,95,22.25308967,60,UU
478,Froslass,480,70,70,80,70,70,110,16.43167673,40,UU
571,Zoroark,510,60,60,120,60,60,105,28.0624304,60,UU
632,Durant,484,48,58,109,112,48,109,33.98087698,64,UU
646,Kyurem,660,90,125,130,90,90,95,21.09502311,40,UU
675,Pangoro,495,58,95,124,78,71,58,25.62225595,66,UU
685,Slurpuff,480,72,82,85,86,75,72,6.107372594,14,UU
691,Dragalge,494,44,65,97,123,90,44,29.11528808,79,UU
697,Tyrantrum,521,59,82,121,119,59,71,29.75231083,62,UU
715,Noivern,535,70,85,97,80,80,123,20.84466359,53,UU
492,Shaymin,600,100,100,100,100,100,100,0,0,UU
3,Venusaur,525,80,80,100,100,83,80,10.09950494,20,RU
9,Blastoise,530,78,79,85,105,100,78,11.64903429,27,RU
42,Golbat,455,65,75,80,75,70,90,9.617692031,25,RU
82,Magneton,465,60,50,120,95,70,70,24.39262184,60,RU
106,Hitmonlee,455,35,50,120,110,53,87,36.39368077,85,RU
135,Jolteon,525,60,65,110,95,60,130,29.70690156,70,RU
142,Aerodactyl,515,60,80,105,75,65,130,29.70690156,70,RU
157,Typhlosion,534,78,78,109,85,78,100,12.83354978,31,RU
176,Togetic,405,40,55,80,105,85,40,28.93959226,65,RU
199,Slowking,490,30,95,100,110,80,30,30.90307428,80,RU
210,Granbull,450,45,90,120,75,60,45,28.85307609,75,RU
211,Qwilfish,430,55,65,95,75,55,85,17.88854382,40,RU
215,Sneasel,430,35,55,95,75,55,115,31.6227766,80,RU
229,Houndoom,500,50,75,110,80,50,95,22.36067977,60,RU
237,Hitmontop,455,35,50,95,110,95,70,29.45335295,75,RU
295,Exploud,490,63,104,91,73,63,68,13.08434179,28,RU
308,Medicham,410,60,60,60,75,75,80,9.354143467,20,RU
323,Mega Camerupt,560,20,70,145,105,100,20,46.98403984,125,RU
330,Flygon,520,80,80,100,80,80,100,10.95445115,20,RU
354,Mega Banette,555,75,64,165,83,75,75,38.06835957,90,RU
359,Absol,465,60,65,130,60,60,75,28.93959226,70,RU
362,Mega Glalie,580,80,80,120,80,80,100,20,40,RU
379,Registeel,580,50,80,75,150,150,50,46.77071733,100,RU
424,Ambipom,482,60,75,100,66,66,115,24.53161226,55,RU
437,Bronzong,500,33,67,89,116,116,33,34.15113468,83,RU
442,Spiritomb,485,35,50,92,108,108,35,30.14962686,73,RU
452,Drapion,500,60,70,90,110,75,95,19.17028951,50,RU
464,Rhyperior,535,40,115,140,130,55,40,47.09033871,100,RU
475,Gallade,518,65,68,125,115,65,80,28.28427125,60,RU
480,Uxie,580,75,75,75,130,130,95,27.70379035,55,RU
500,Emboar,528,65,110,123,65,65,65,26.73574386,58,RU
537,Seismitoad,509,74,105,95,75,75,74,9.121403401,21,RU
539,Sawk,465,30,75,125,75,75,85,33.83784863,95,RU
560,Scrafty,488,45,65,90,115,115,58,32.22266283,70,RU
561,Sigilyph,490,58,72,103,80,80,97,17.58692696,45,RU
563,Cofagrigus,483,30,58,95,145,105,30,45.68916721,115,RU
573,Cinccino,470,60,75,95,60,60,115,24.84954728,55,RU
589,Escavalier,495,20,70,135,105,105,20,45.13867521,115,RU
593,Jellicent,480,60,100,85,105,70,60,19.17028951,45,RU
594,Alomomola,470,40,165,75,80,45,65,17.81852968,40,RU
604,Eelektross,515,50,85,115,80,80,50,25.34758371,65,RU
617,Accelgor,495,40,80,100,60,40,145,40.86563348,105,RU
621,Druddigon,485,48,77,120,90,90,48,28.33372549,72,RU
628,Braviary,510,57,100,123,75,75,80,24.53568829,66,RU
640,Virizion,580,72,91,90,129,72,108,21.59166506,57,RU
655,Delphox,534,69,75,114,100,72,104,20.12958022,45,RU
662,Fletchinder,382,52,62,73,55,52,84,13.87443693,32,RU
683,Aromatisse,462,29,101,99,89,72,29,26.77125324,70,RU
693,Clawitzer,500,59,71,120,89,88,59,22.73103605,61,RU
719,Diancie,600,50,50,100,150,150,50,41.83300133,100,RU
720,Hoopa,600,60,80,150,130,60,70,38.47076812,90,RU
479,Meloetta,520,65,50,105,107,107,86,18.46618531,42,RU
648,Meloetta-P,600,77,100,128,128,77,90,26.10555496,51,RU
648,Rotom-C,600,77,100,128,90,77,128,26.10555496,51,RU
254,Sceptile,530,65,70,105,85,65,120,21.09502311,55,RU
6,Charizard,534,78,78,109,85,78,100,12.83354978,31,NU
28,Sandslash,450,45,75,100,110,55,65,28.50438563,65,NU
45,Vileplume,490,50,75,110,90,85,50,21.67948339,60,NU
57,Primeape,455,60,65,105,70,60,95,20.79663434,45,NU
62,Poliwrath,510,70,90,95,95,90,70,12.94217911,25,NU
93,Haunter,405,45,45,115,55,45,95,31.144823,70,NU
107,Hitmonchan,455,35,50,105,110,79,76,29.84124662,75,NU
110,Weezing,490,60,65,90,120,70,60,22.91287847,60,NU
112,Rhydon,485,40,105,130,120,45,40,44.91658936,90,NU
115,Kangaskhan,490,40,105,95,80,80,90,21.67948339,55,NU
123,Scyther,500,55,70,110,80,80,105,22.19234102,55,NU
124,Jynx,455,35,65,115,95,35,95,33.83784863,80,NU
127,Pinsir,500,55,65,125,100,70,85,27.06473721,70,NU
128,Tauros,490,40,75,100,95,70,110,28.19574436,70,NU
139,Omastar,495,55,70,115,125,70,55,32.59601203,70,NU
141,Kabutops,495,65,60,115,105,70,80,21.96588264,50,NU
171,Lanturn,460,58,125,76,76,58,67,9,18,NU
178,Xatu,470,70,65,95,70,70,95,12.94217911,25,NU
208,Steelix,510,30,75,85,200,65,30,66.20045317,170,NU
221,Piloswine,450,50,100,100,80,60,50,20,50,NU
226,Mantine,465,40,65,80,140,70,70,36.74234614,100,NU
241,Miltank,490,40,95,80,105,70,100,26.07680962,65,NU
272,Ludicolo,480,70,80,90,100,70,70,14.14213562,30,NU
275,Shiftry,480,60,90,100,60,60,80,17.88854382,40,NU
277,Swellow,430,50,60,85,60,50,125,31.89827582,75,NU
297,Hariyama,474,40,144,120,60,60,50,31.30495168,80,NU
306,Aggron,530,50,70,110,180,60,50,54.49770637,130,NU
310,Manectric,475,60,70,105,60,60,105,22.74862633,45,NU
335,Zangoose,458,60,73,115,60,60,90,24.8997992,55,NU
344,Claydol,500,70,60,70,120,105,75,23.07596152,50,NU
346,Cradily,495,43,86,81,107,97,43,24.35569749,64,NU
352,Kecleon,440,40,60,90,120,70,40,30.49590136,80,NU
377,Regirock,580,50,80,100,200,100,50,61.23724357,150,NU
389,Torterra,525,56,95,109,105,85,56,21.86321111,53,NU
423,Gastrodon,475,39,111,92,82,68,39,20.75331299,53,NU
429,Mismagius,495,60,60,105,105,60,105,24.64751509,45,NU
435,Skuntank,479,61,103,93,67,61,84,13.04607221,32,NU
460,Abomasnow,494,60,90,92,85,75,60,13.55359731,32,NU
466,Electivire,540,67,75,123,85,67,95,20.29778313,56,NU
467,Magmortar,540,67,75,125,95,67,83,21.26029163,58,NU
481,Mesprit,580,80,80,105,105,105,80,11.18033989,25,NU
503,Samurott,528,70,95,108,85,70,70,17.25688268,38,NU
510,Liepard,446,50,64,88,50,50,106,25.19523765,56,NU
531,Mega Audino,545,50,103,80,126,126,50,35.98332947,76,NU
533,Gurdurr,405,40,85,105,85,50,40,29.45335295,65,NU
549,Lilligant,480,60,70,110,75,75,90,18.9076704,50,NU
567,Archeops,567,65,75,140,65,65,110,32.71543978,75,NU
569,Garbodor,474,60,80,95,82,82,75,12.75539102,35,NU
597,Ferroseed,305,10,44,50,91,86,10,36.15522092,81,NU
601,Klinklang,520,70,60,100,115,85,90,16.80773631,45,NU
623,Golurk,483,55,89,124,80,80,55,28.19042391,69,NU
666,Vivillon,411,50,80,90,50,50,89,21.28849455,40,NU
668,Pyroar,507,66,86,109,72,66,106,21.40560674,43,NU
687,Malamar,482,68,86,92,88,75,73,10.28105053,24,NU
689,Barbaracle,500,54,72,105,115,86,68,25.24480145,61,NU
699,Aurorus,521,58,123,99,92,72,58,16.28803242,41,NU
479,Rotom,440,50,50,95,77,77,91,17.63519209,45,NU
67,Machoke,405,45,80,100,70,60,45,21.79449472,55,NU
71,Victreebel,490,65,80,105,70,65,70,18.9076704,40,NU
103,Exeggutor,520,55,95,125,85,65,55,27.38612788,70,NU
264,Linoone,420,50,78,70,61,61,100,19.03417978,50,NU
288,Vigoroth,440,55,80,80,80,55,90,16.04680654,35,NU
518,Musharna,487,29,116,107,95,85,29,31.76790834,78,NU
538,Throh,465,30,120,100,85,85,45,29.87473849,70,NU
565,Carracosta,495,32,74,108,133,65,32,38.8677244,101,NU
8,Wartortle,405,58,59,65,80,80,58,10.18331969,22,PU
12,Butterfree,395,45,60,90,80,50,70,19.23538406,45,PU
15,Beedrill,395,40,65,90,80,40,75,22.19234102,50,PU
18,Pidgeot,479,70,83,80,75,70,101,12.8724512,31,PU
20,Raticate,413,50,55,81,70,60,97,18.28387268,47,PU
22,Fearow,442,61,65,90,65,61,100,18.31119876,39,PU
24,Arbok,438,65,60,85,79,69,80,8.294576541,20,PU
26,Raichu,485,55,60,90,80,55,110,20,55,PU
35,Clefairy,323,35,70,60,65,48,35,12.0124935,30,PU
38,Ninetales,505,75,73,81,100,75,100,12.62141038,25,PU
40,Wigglytuff,435,45,140,85,50,45,45,17.81852968,40,PU
47,Parasect,405,30,60,95,80,80,30,25.0998008,65,PU
53,Persian,440,60,65,70,65,60,115,22.63846285,55,PU
55,Golduck,500,78,80,95,80,78,85,6.670832032,17,PU
64,Kadabra,400,30,40,120,70,30,105,40.4042077,90,PU
76,Golem,495,45,80,120,130,65,45,39.14715826,85,PU
78,Rapidash,500,70,65,100,80,70,105,14.83239697,35,PU
83,Farfetch'd,352,55,52,65,62,55,60,3.807886553,10,PU
85,Dodrio,460,60,60,110,70,60,100,23.4520788,50,PU
87,Dewgong,475,70,90,70,95,80,70,10.95445115,25,PU
89,Muk,500,50,105,105,100,75,50,23.2916294,55,PU
97,Hypno,483,67,85,73,115,70,67,19.94492417,48,PU
99,Kingler,475,50,55,130,115,50,75,36.97972417,80,PU
101,Electrode,480,50,60,80,80,70,140,33.61547263,90,PU
105,Marowak,425,45,60,80,110,80,45,26.36285265,65,PU
114,Tangela,435,40,65,100,115,40,60,31.89827582,75,PU
119,Seaking,450,65,80,92,80,65,68,11.81101181,27,PU
122,Mr. Mime,460,45,40,100,120,65,90,29.45335295,75,PU
131,Lapras,535,60,130,85,95,80,60,12.94217911,35,PU
132,Ditto,288,48,48,48,48,48,48,0,0,PU
136,Flareon,525,60,65,130,110,60,65,29.70690156,70,PU
144,Articuno,580,85,90,95,125,100,85,16.43167673,40,PU
148,Dragonair,420,65,61,84,70,65,70,7.155417528,19,PU
154,Meganium,525,80,80,83,100,100,80,10.09950494,20,PU
162,Furret,415,45,85,76,64,55,90,17.62101019,45,PU
164,Noctowl,442,50,100,76,96,50,70,19.35975206,46,PU
166,Ledian,390,35,55,55,110,50,85,30.12474066,75,PU
168,Ariados,390,40,70,90,70,60,40,18.16590212,50,PU
181,Ampharos,510,55,90,115,90,85,55,21.9089023,60,PU
182,Bellossom,490,50,75,90,100,95,50,19.87460691,50,PU
185,Sudowoodo,410,30,70,100,115,65,30,39.14715826,85,PU
186,Politoed,500,70,90,90,100,75,70,12.5499004,30,PU
189,Jumpluff,460,55,75,55,95,70,110,24.64751509,55,PU
192,Sunflora,425,30,75,105,85,55,30,28.72281323,75,PU
195,Quagsire,430,35,95,85,85,65,35,20.49390153,50,PU
198,Murkrow,405,42,60,85,42,42,91,24.76893215,49,PU
200,Misdreavus,435,60,60,85,85,60,85,13.69306394,25,PU
201,Unown,336,48,48,72,48,48,48,13.14534138,24,PU
202,Wobbuffet,405,33,190,33,58,58,33,13.69306394,25,PU
203,Girafarig,455,65,70,90,65,65,85,11.51086443,25,PU
206,Dunsparce,415,45,100,70,70,65,45,10.36822068,25,PU
217,Ursaring,500,55,90,130,75,75,55,28.19574436,75,PU
219,Magcargo,410,30,50,80,120,80,30,34.20526275,90,PU
222,Corsola,380,35,55,65,85,85,35,21.21320344,50,PU
224,Octillery,480,45,75,105,75,75,45,25.0998008,60,PU
225,Delibird,330,45,45,65,45,45,75,13.03840481,30,PU
234,Stantler,465,62,73,95,65,62,85,14.2407865,33,PU
235,Smeargle,250,20,55,20,45,35,75,22.74862633,55,PU
256,Combusken,405,55,60,85,60,60,55,14.7478812,30,PU
262,Mightyena,420,60,70,90,70,60,70,12.24744871,30,PU
267,Beautifly,395,50,60,100,50,50,65,20.49390153,50,PU
269,Dustox,385,50,60,50,90,70,65,16.58312395,40,PU
279,Pelipper,430,50,60,85,100,70,65,19.17028951,50,PU
284,Masquerain,414,60,70,80,82,62,60,11.18928058,22,PU
289,Slaking,670,65,150,160,100,65,100,34.5325933,95,PU
291,Ninjask,456,45,61,90,50,45,160,48.78524367,115,PU
292,Shedinja,236,30,1,90,45,30,40,24.8997992,60,PU
301,Delcatty,380,55,70,65,65,55,70,6.708203932,15,PU
303,Mawile,380,50,50,85,85,55,50,17.4642492,35,PU
311,Plusle,405,40,60,85,75,40,95,23.2916294,55,PU
312,Minun,405,40,60,75,85,50,95,23.2916294,55,PU
313,Volbeat,400,47,65,73,75,55,85,15.55634919,38,PU
314,Illumise,400,47,65,73,75,55,85,15.55634919,38,PU
315,Roselia,400,45,50,100,80,45,65,20.91650066,55,PU
317,Swalot,467,55,100,73,83,83,55,11.43678276,28,PU
321,Wailord,500,45,170,90,45,45,60,22.74862633,45,PU
323,Camerupt,460,40,70,105,75,70,40,26.12470096,65,PU
324,Torkoal,470,20,70,85,140,70,20,42.8660705,120,PU
326,Grumpig,470,45,80,90,110,65,80,24.64751509,65,PU
327,Spinda,360,60,60,60,60,60,60,0,0,PU
329,Vibrava,340,50,50,70,50,50,70,10.95445115,20,PU
332,Cacturne,475,55,70,115,60,60,55,31.10466203,60,PU
334,Altaria,490,70,75,70,105,90,80,14.83239697,35,PU
336,Seviper,458,60,73,100,60,60,65,21.09502311,40,PU
337,Lunatone,440,55,70,95,85,65,70,15.96871942,40,PU
338,Solrock,440,55,70,95,85,65,70,15.96871942,40,PU
340,Whiscash,468,60,110,78,73,71,60,7.021395873,18,PU
348,Armaldo,495,45,75,125,100,80,45,30.29026246,80,PU
351,Castform,420,70,70,70,70,70,70,0,0,PU
354,Banette,455,63,64,115,65,63,65,22.11786608,52,PU
356,Dusclops,455,25,40,70,130,130,25,46.04345773,105,PU
357,Tropius,460,51,99,72,87,83,51,14.16686274,36,PU
358,Chimecho,425,50,65,95,80,70,65,16.80773631,45,PU
362,Glalie,480,80,80,80,80,80,80,0,0,PU
365,Walrein,530,65,110,95,90,90,65,11.93733639,30,PU
367,Huntail,485,52,55,104,105,75,52,22.50555487,53,PU
368,Gorebyss,485,52,55,114,105,75,52,24.62722071,62,PU
369,Relicanth,485,45,100,90,130,65,55,34.02205167,85,PU
370,Luvdisc,330,30,43,40,65,55,97,25.90945773,67,PU
375,Metang,420,50,60,75,100,80,50,20.18662924,50,PU
378,Regice,580,50,80,100,200,100,50,61.23724357,150,PU
391,Monferno,405,52,64,78,52,52,81,14.83913744,29,PU
394,Prinplup,405,50,64,81,76,68,50,11.84060809,31,PU
400,Bibarel,410,55,79,85,60,60,71,12.02913131,30,PU
402,Kricketune,384,51,77,85,51,51,65,14.38054241,34,PU
405,Luxray,523,70,80,120,79,79,70,19.73068676,50,PU
409,Rampardos,495,50,97,165,60,50,58,48.04477079,115,PU
411,Bastiodon,495,30,60,52,168,138,30,61.7170965,138,PU
414,Mothim,424,50,70,94,50,50,66,22.16303228,44,PU
416,Vespiquen,474,40,70,80,102,102,40,25.32192726,62,PU
417,Pachirisu,405,45,60,45,90,70,95,23.8222585,50,PU
419,Floatzel,495,50,85,105,55,50,115,29.06888371,65,PU
421,Cherrim,450,60,70,87,78,70,85,11.1579568,27,PU
426,Drifblim,498,44,150,90,54,44,80,19.56527536,46,PU
428,Lopunny,480,54,65,76,96,84,105,19.6468827,51,PU
432,Purugly,452,59,71,82,64,59,112,21.84490787,53,PU
441,Chatot,411,42,76,92,45,42,91,24.05202694,50,PU
444,Gabite,410,50,68,90,65,55,82,17.18429516,40,PU
455,Carnivine,454,46,74,100,72,72,46,20.63976744,54,PU
457,Lumineon,460,69,69,69,86,76,91,9.984988733,22,PU
463,Lickilicky,515,50,110,85,95,95,50,18.50675552,45,PU
470,Leafeon,525,60,65,110,130,65,95,29.70690156,70,PU
471,Glaceon,525,60,65,130,110,95,65,29.70690156,70,PU
476,Probopass,525,40,60,75,150,145,40,51.30789413,110,PU
477,Dusknoir,525,45,45,100,135,135,45,40.68169121,90,PU
486,Regigigas,670,80,110,160,110,110,100,29.49576241,80,PU
489,Phione,480,80,80,80,80,80,80,0,0,PU
496,Servine,413,60,60,60,75,75,83,10.21273715,23,PU
505,Watchog,420,60,60,85,69,69,77,9.433981132,25,PU
508,Stoutland,500,45,85,110,90,90,80,23.87467277,65,PU
512,Simisage,498,63,75,98,63,63,101,19.75601174,38,PU
514,Simisear,498,63,75,98,63,63,101,19.75601174,38,PU
516,Simipour,498,63,75,98,63,63,101,19.75601174,38,PU
521,Unfezant,488,55,80,115,80,55,93,23.61778991,60,PU
523,Zebstrika,497,63,75,100,63,63,116,23.33023789,53,PU
526,Gigalith,515,25,85,135,130,80,25,46.82413907,110,PU
528,Swoobat,425,55,67,77,55,55,114,25.45191545,59,PU
531,Audino,445,50,103,60,86,86,50,16.57709263,36,PU
542,Leavanny,500,70,75,103,80,80,92,12.72792206,33,PU
550,Basculin,460,55,70,92,65,55,98,18.01388353,43,PU
552,Krokorok,351,45,60,82,45,45,74,18.29480801,37,PU
556,Maractus,461,60,75,106,67,67,60,18.78030884,46,PU
558,Crustle,475,45,70,95,125,75,45,30.49590136,80,PU
576,Gothitelle,490,55,70,95,110,95,65,23.02172887,55,PU
578,Duosion,370,30,65,125,60,50,30,37.48332963,95,PU
581,Swanna,473,63,75,87,63,63,98,15.80506248,35,PU
584,Vanilluxe,535,79,71,110,95,85,79,11.79830496,31,PU
586,Sawsbuck,475,60,80,100,70,70,95,17.4642492,40,PU
587,Emolga,428,60,55,75,60,60,103,17.55847374,43,PU
600,Klang,440,50,60,80,95,85,50,17.10263138,45,PU
606,Beheeyem,485,40,75,125,95,75,40,31.144823,85,PU
611,Fraxure,410,40,66,117,70,50,67,29.62600209,77,PU
614,Beartic,485,50,95,110,80,80,50,21.67948339,60,PU
615,Cryogonal,485,30,70,95,135,30,105,42.51470334,105,PU
618,Stunfisk,471,32,109,81,99,84,32,25.44209111,67,PU
624,Pawniard,340,40,45,85,70,40,60,19.49358869,45,PU
626,Bouffalant,490,40,95,110,95,95,55,29.87473849,70,PU
629,Vullaby,370,45,70,55,75,65,60,11.18033989,30,PU
631,Heatmor,484,65,85,105,66,66,65,19.56271965,40,PU
634,Zweilous,420,58,72,85,70,70,58,9.914635646,27,PU
651,Quilladin,405,56,61,78,95,58,57,17.25398505,39,PU
673,Gogoat,531,62,123,100,81,62,68,16.92040189,38,PU
676,Furfrou,472,60,75,80,90,60,102,17.37239189,42,PU
702,Dedenne,431,57,67,81,67,57,101,18.47159982,44,PU
703,Carbink,500,50,50,50,150,150,50,54.77225575,100,PU
705,Sliggoo,452,53,68,83,113,53,60,23.45634243,60,PU
709,Trevenant,474,56,85,110,82,76,56,20.59611614,54,PU
713,Avalugg,514,28,95,117,184,46,28,65.70540313,156,PU
711,Gourgeist,494,58,65,90,122,75,84,23.56268236,64,PU
711,Gourgeist-Small,494,58,55,85,122,75,99,24.26314077,64,PU
711,Gourgeist-Large,494,58,75,95,122,75,69,25.23291501,64,PU
711,Gourgeist-Super,494,54,85,100,122,75,54,28.86520397,68,PU
678,Meowstic-M,466,48,74,83,81,76,104,20.08233054,56,PU
678,Meowstic-F,466,48,74,83,81,76,104,20.08233054,56,PU
479,Rotom-F,520,65,50,105,107,107,86,18.46618531,42,PU
479,Rotom-S,520,65,50,105,107,107,86,18.46618531,42,PU
413,Wormadam-Plant,424,36,60,79,105,85,36,26.30969403,69,PU
413,Wormadam-Sandy,424,36,60,79,105,85,36,26.30969403,69,PU
413,Wormadam-Trash,424,36,60,69,95,95,36,24.33515975,59,PU